DATE,VALUE
9/21/06,-0.53955
9/22/06,-0.24658
9/25/06,0.88152
9/26/06,0.75168
9/27/06,0.01871
9/28/06,0.19153
9/29/06,-0.24642
10/2/06,-0.33911
10/3/06,0.20957
10/4/06,1.20755
10/5/06,0.22219
10/6/06,-0.26899
10/9/06,0.08002
10/10/06,0.20434
10/11/06,-0.25639
10/12/06,0.95411
10/13/06,0.20472
10/16/06,0.25117
10/17/06,-0.36522
10/18/06,0.14002
10/19/06,0.07321
10/20/06,0.11997
10/23/06,0.61523
10/24/06,0.02614
10/25/06,0.35139
10/26/06,0.4963
10/27/06,-0.84516
10/30/06,0.04284
10/31/06,0.00073
11/1/06,-0.73516
11/2/06,-0.03436
11/3/06,-0.22233
11/6/06,1.13465
11/7/06,0.22177
11/8/06,0.20827
11/9/06,-0.5333
11/10/06,0.18646
11/13/06,0.25491
11/14/06,0.63565
11/15/06,0.24045
11/16/06,0.22842
11/17/06,0.10287
11/20/06,-0.04996
11/21/06,0.16494
11/22/06,0.23382
11/27/06,-1.35979
11/28/06,0.3488
11/29/06,0.92016
11/30/06,0.08217
12/1/06,-0.27987
12/4/06,0.88852
12/5/06,0.40025
12/6/06,-0.13147
12/7/06,-0.39706
12/8/06,0.1812
12/11/06,0.22698
12/12/06,-0.10474
12/13/06,0.11689
12/14/06,0.86894
12/15/06,0.11224
12/18/06,-0.32303
12/19/06,0.21582
12/20/06,-0.1417
12/21/06,-0.3674
12/22/06,-0.53162
12/27/06,0.70153
12/28/06,-0.14788
12/29/06,-0.45131
1/4/07,0.12283
1/5/07,-0.60846
1/8/07,0.22203
1/9/07,-0.05167
1/10/07,0.19404
1/11/07,0.63399
1/12/07,0.48531
1/17/07,-0.08939
1/18/07,-0.29707
1/19/07,0.28955
1/22/07,-0.52779
1/23/07,0.35419
1/24/07,0.85015
1/25/07,-1.12698
1/26/07,-0.12079
1/29/07,-0.10969
1/30/07,0.57721
1/31/07,0.65929
2/1/07,0.53538
2/2/07,0.16944
2/5/07,-0.09666
2/6/07,0.0698
2/7/07,0.1395
2/8/07,-0.11793
2/9/07,-0.70772
2/12/07,-0.32613
2/13/07,0.75975
2/14/07,0.76441
2/15/07,0.10376
2/16/07,-0.08718
2/21/07,-0.14044
2/22/07,-0.08576
2/23/07,-0.35636
2/26/07,-0.12541
2/27/07,-3.47254
2/28/07,0.5561
3/1/07,-0.25945
3/2/07,-1.14028
3/5/07,-0.94076
3/6/07,1.54936
3/7/07,-0.24652
3/8/07,0.71266
3/9/07,0.06848
3/12/07,0.26731
3/13/07,-2.03683
3/14/07,0.66911
3/15/07,0.36838
3/16/07,-0.38283
3/19/07,1.08944
3/20/07,0.63335
3/21/07,1.70808
3/22/07,-0.03484
3/23/07,0.10944
3/26/07,0.09679
3/27/07,-0.61843
3/28/07,-0.79658
3/29/07,0.37397
3/30/07,-0.1174
4/2/07,0.2597
4/3/07,0.92801
4/4/07,0.11128
4/5/07,0.30499
4/10/07,0.26166
4/11/07,-0.65728
4/12/07,0.62063
4/13/07,0.34881
4/16/07,1.07513
4/17/07,0.20498
4/18/07,0.06932
4/19/07,-0.1202
4/20/07,0.92607
4/23/07,-0.2304
4/24/07,-0.03511
4/25/07,1.01391
4/26/07,-0.07824
4/27/07,-0.01205
4/30/07,-0.7831
5/1/07,0.26512
5/2/07,0.64724
5/3/07,0.43251
5/4/07,0.21499
5/7/07,0.25637
5/8/07,-0.1166
5/9/07,0.32234
5/10/07,-1.39563
5/11/07,0.96415
5/14/07,-0.1793
5/15/07,-0.13039
5/16/07,0.86265
5/17/07,-0.0918
5/18/07,0.66105
5/21/07,0.15433
5/22/07,-0.06426
5/23/07,-0.12073
5/24/07,-0.97026
5/25/07,0.54527
5/30/07,0.79836
5/31/07,0.02549
6/1/07,0.3737
6/4/07,0.18485
6/5/07,-0.5347
6/6/07,-0.88638
6/7/07,-1.75698
6/8/07,1.13703
6/11/07,0.09617
6/12/07,-1.06817
6/13/07,1.51842
6/14/07,0.48164
6/15/07,0.65267
6/18/07,-0.12134
6/19/07,0.17308
6/20/07,-1.36011
6/21/07,0.61804
6/22/07,-1.28959
6/25/07,-0.32079
6/26/07,-0.32382
6/27/07,0.90094
6/28/07,-0.04182
6/29/07,-0.15674
7/2/07,1.06961
7/3/07,0.35803
7/6/07,0.33041
7/9/07,0.09213
7/10/07,-1.41855
7/11/07,0.57214
7/12/07,1.9055
7/13/07,0.31014
7/16/07,-0.19195
7/17/07,-0.00968
7/18/07,-0.20654
7/19/07,0.44691
7/20/07,-1.22209
7/23/07,0.48693
7/24/07,-1.98045
7/25/07,0.46657
7/26/07,-2.33385
7/27/07,-1.59915
7/30/07,1.02539
7/31/07,-1.26466
8/1/07,0.72426
8/2/07,0.43594
8/3/07,-2.65861
8/6/07,2.41511
8/7/07,0.61594
8/8/07,1.40718
8/9/07,-2.96496
8/10/07,0.03785
8/13/07,-0.04953
8/14/07,-1.81565
8/15/07,-1.39078
8/16/07,0.32487
8/17/07,2.45665
8/20/07,-0.02697
8/21/07,0.10861
8/22/07,1.17129
8/23/07,-0.10724
8/24/07,1.1535
8/27/07,-0.85036
8/28/07,-2.3473
8/29/07,2.19219
8/30/07,-0.4181
8/31/07,1.12168
9/5/07,-1.15011
9/6/07,0.42519
9/7/07,-1.69085
9/10/07,-0.12727
9/11/07,1.36323
9/12/07,0.00476
9/13/07,0.84196
9/14/07,0.02022
9/17/07,-0.51204
9/18/07,2.9208
9/19/07,0.60864
9/20/07,-0.67232
9/21/07,0.46091
9/24/07,-0.52564
9/25/07,-0.03426
9/26/07,0.54112
9/27/07,0.39071
9/28/07,-0.30234
10/1/07,1.32897
10/2/07,-0.0265
10/3/07,-0.45518
10/4/07,0.2111
10/5/07,0.95603
10/8/07,-0.32165
10/9/07,0.80962
10/10/07,-0.17123
10/11/07,-0.51585
10/12/07,0.47542
10/15/07,-0.83814
10/16/07,-0.65732
10/17/07,0.17614
10/18/07,-0.07526
10/19/07,-2.56156
10/22/07,0.37984
10/23/07,0.88029
10/24/07,-0.24414
10/25/07,-0.09763
10/26/07,1.37876
10/29/07,0.37127
10/30/07,-0.64634
10/31/07,1.1992
11/1/07,-2.64235
11/2/07,0.08022
11/5/07,-0.49548
11/6/07,1.20492
11/7/07,-2.93698
11/8/07,-0.0576
11/9/07,-1.4287
11/12/07,-0.99883
11/13/07,2.9093
11/14/07,-0.70693
11/15/07,-1.32125
11/16/07,0.52303
11/19/07,-1.74603
11/20/07,0.44862
11/21/07,-1.59269
11/26/07,-2.32387
11/27/07,1.49301
11/28/07,2.85598
11/29/07,0.04765
11/30/07,0.77702
12/3/07,-0.58874
12/4/07,-0.65403
12/5/07,1.51902
12/6/07,1.50369
12/7/07,-0.1778
12/10/07,0.751
12/11/07,-2.52711
12/12/07,0.60501
12/13/07,0.12243
12/14/07,-1.37462
12/17/07,-1.50209
12/18/07,0.62798
12/19/07,-0.13608
12/20/07,0.49002
12/21/07,1.66699
12/24/07,0.8077
12/27/07,-1.42155
12/28/07,0.1436
12/31/07,-0.68516
1/3/08,0
1/4/08,-2.45515
1/7/08,0.32232
1/8/08,-1.83522
1/9/08,1.3624
1/10/08,0.79482
1/11/08,-1.35954
1/14/08,1.08707
1/15/08,-2.4925
1/16/08,-0.56121
1/17/08,-2.90926
1/18/08,-0.60454
1/23/08,2.14422
1/24/08,1.00628
1/25/08,-1.5872
1/28/08,1.75559
1/29/08,0.61523
1/30/08,-0.4764
1/31/08,1.67723
2/1/08,1.22375
2/4/08,-1.04628
2/5/08,-3.19955
2/6/08,-0.76236
2/7/08,0.78857
2/8/08,-0.42037
2/11/08,0.5889
2/12/08,0.72659
2/13/08,1.36041
2/14/08,-1.34215
2/15/08,0.08377
2/20/08,0.83409
2/21/08,-1.28674
2/22/08,0.78806
2/25/08,1.38126
2/26/08,0.69179
2/27/08,-0.09194
2/28/08,-0.89419
2/29/08,-2.70897
3/3/08,0.05336
3/4/08,-0.34477
3/5/08,0.52384
3/6/08,-2.20139
3/7/08,-0.84104
3/10/08,-1.54635
3/11/08,3.71298
3/12/08,-0.89956
3/13/08,0.5127
3/14/08,-2.07833
3/17/08,-0.89587
3/18/08,4.24095
3/19/08,-2.42872
3/20/08,2.39445
3/25/08,0.23039
3/26/08,-0.87658
3/27/08,-1.14605
3/28/08,-0.79502
3/31/08,0.56873
4/1/08,3.58963
4/2/08,-0.19341
4/3/08,0.13016
4/4/08,0.0796
4/7/08,0.15616
4/8/08,-0.51
4/9/08,-0.8092
4/10/08,0.4474
4/11/08,-2.03741
4/14/08,-0.33838
4/15/08,0.45998
4/16/08,2.26913
4/17/08,0.06228
4/18/08,1.81391
4/21/08,-0.15536
4/22/08,-0.88102
4/23/08,0.28998
4/24/08,0.64424
4/25/08,0.64947
4/28/08,-0.10516
4/29/08,-0.38887
4/30/08,-0.38463
5/1/08,1.71407
5/2/08,0.32356
5/5/08,-0.45336
5/6/08,0.76519
5/7/08,-1.81137
5/8/08,0.36695
5/9/08,-0.67254
5/12/08,1.10208
5/13/08,-0.03847
5/14/08,0.40056
5/15/08,1.05845
5/16/08,0.12504
5/19/08,0.0898
5/20/08,-0.92736
5/21/08,-1.60535
5/22/08,0.26174
5/23/08,-1.32105
5/28/08,0.39629
5/29/08,0.53349
5/30/08,0.15162
6/2/08,-1.05043
6/3/08,-0.57878
6/4/08,-0.03266
6/5/08,1.94961
6/6/08,-3.08892
6/9/08,0.07937
6/10/08,-0.2438
6/11/08,-1.68944
6/12/08,0.32797
6/13/08,1.50462
6/16/08,0.00809
6/17/08,-0.67714
6/18/08,-0.97118
6/19/08,0.37524
6/20/08,-1.85429
6/23/08,0.00531
6/24/08,-0.28149
6/25/08,0.58435
6/26/08,-2.93653
6/27/08,-0.37174
6/30/08,0.12672
7/1/08,0.38359
7/2/08,-1.82036
7/3/08,0.10939
7/8/08,1.70804
7/9/08,-2.27762
7/10/08,0.69897
7/11/08,-1.10899
7/14/08,-0.90279
7/15/08,-1.09012
7/16/08,2.50636
7/17/08,1.20126
7/18/08,0.02856
7/21/08,-0.05394
7/22/08,1.34921
7/23/08,0.40642
7/24/08,-2.31245
7/25/08,0.41675
7/28/08,-1.85966
7/29/08,2.3356
7/30/08,1.66719
7/31/08,-1.31438
8/1/08,-0.55784
8/4/08,-0.8966
8/5/08,2.87187
8/6/08,0.33544
8/7/08,-1.79337
8/8/08,2.38928
8/11/08,0.69427
8/12/08,-1.20507
8/13/08,-0.29157
8/14/08,0.55217
8/15/08,0.4076
8/18/08,-1.50978
8/19/08,-0.93149
8/20/08,0.61973
8/21/08,0.2495
8/22/08,1.13327
8/25/08,-1.96254
8/26/08,0.36863
8/27/08,0.79826
8/28/08,1.48401
8/29/08,-1.37236
9/3/08,-0.20351
9/4/08,-2.9922
9/5/08,0.44307
9/8/08,2.05102
9/9/08,-3.41381
9/10/08,0.61494
9/11/08,1.38064
9/12/08,0.21216
9/15/08,-4.71359
9/16/08,1.75149
9/17/08,-4.71329
9/18/08,4.33418
9/19/08,4.02566
9/22/08,-3.82366
9/23/08,-1.56326
9/24/08,-0.19777
9/25/08,1.96565
9/26/08,0.31674
9/29/08,-8.7897
9/30/08,5.42033
10/1/08,-0.45441
10/2/08,-4.02908
10/3/08,-1.35065
10/6/08,-3.85179
10/7/08,-5.73948
10/8/08,-1.13327
10/9/08,-7.61671
10/10/08,-1.17593
10/13/08,11.58004
10/14/08,-0.53222
10/15/08,-9.03498
10/16/08,4.25075
10/17/08,-0.62128
10/20/08,4.76849
10/21/08,-3.07997
10/22/08,-6.10125
10/23/08,1.26341
10/24/08,-3.45112
10/27/08,-3.17643
10/28/08,10.789
10/29/08,-1.10791
10/30/08,2.5804
10/31/08,1.53654
11/3/08,-0.2529
11/4/08,4.08258
11/5/08,-5.26771
11/6/08,-5.0264
11/7/08,2.88547
11/10/08,-1.26532
11/11/08,-2.20407
11/12/08,-5.18939
11/13/08,6.92127
11/14/08,-4.16991
11/17/08,-2.58104
11/18/08,0.98384
11/19/08,-6.11556
11/20/08,-6.71229
11/21/08,6.32476
11/24/08,6.47226
11/25/08,0.65508
11/26/08,3.53281
12/1/08,-8.92953
12/2/08,3.99407
12/3/08,2.58362
12/4/08,-2.93084
12/5/08,3.64994
12/8/08,3.83873
12/9/08,-2.31175
12/10/08,1.18942
12/11/08,-2.85241
12/12/08,0.70285
12/15/08,-1.26857
12/16/08,5.13603
12/17/08,-0.95929
12/18/08,-2.11627
12/19/08,0.29369
12/22/08,-1.8302
12/23/08,-0.97174
12/24/08,0.57811
12/29/08,-0.38726
12/30/08,2.44071
12/31/08,1.41584
1/5/09,-0.46684
1/6/09,0.78171
1/7/09,-3.00096
1/8/09,0.33971
1/9/09,-2.1303
1/12/09,-2.25642
1/13/09,0.17581
1/14/09,-3.34599
1/15/09,0.13292
1/16/09,0.75616
1/21/09,4.34912
1/22/09,-1.51623
1/23/09,0.53776
1/26/09,0.55532
1/27/09,1.09256
1/28/09,3.35576
1/29/09,-3.31202
1/30/09,-2.27891
2/2/09,-0.05328
2/3/09,1.5834
2/4/09,-0.74895
2/5/09,1.63657
2/6/09,2.6896
2/9/09,0.14851
2/10/09,-4.91212
2/11/09,0.79549
2/12/09,0.17392
2/13/09,-0.99977
2/18/09,-0.09504
2/19/09,-1.2024
2/20/09,-1.14129
2/23/09,-3.4699
2/24/09,4.01033
2/25/09,-1.06578
2/26/09,-1.57798
2/27/09,-2.35644
3/2/09,-4.66201
3/3/09,-0.64068
3/4/09,2.37531
3/5/09,-4.25323
3/6/09,0.1216
3/9/09,-1.00237
3/10/09,6.36631
3/11/09,0.24458
3/12/09,4.07286
3/13/09,0.7739
3/16/09,-0.3516
3/17/09,3.214
3/18/09,2.0858
3/19/09,-1.29792
3/20/09,-1.97694
3/23/09,7.07575
3/24/09,-2.04151
3/25/09,0.96264
3/26/09,2.33204
3/27/09,-2.03155
3/30/09,-3.48187
3/31/09,1.31297
4/1/09,1.65566
4/2/09,2.87271
4/3/09,0.97318
4/6/09,-0.83323
4/7/09,-2.38546
4/8/09,1.17835
4/9/09,3.80532
4/14/09,-2.00645
4/15/09,1.2549
4/16/09,1.55388
4/17/09,0.49694
4/20/09,-4.27898
4/21/09,2.12521
4/22/09,-0.76816
4/23/09,0.99224
4/24/09,1.67974
4/27/09,-1.00666
4/28/09,-0.27405
4/29/09,2.161
4/30/09,-0.095
5/1/09,0.53964
5/4/09,3.38682
5/5/09,-0.37917
5/6/09,1.74043
5/7/09,-1.32024
5/8/09,2.4069
5/11/09,-2.15124
5/12/09,-0.09788
5/13/09,-2.68949
5/14/09,1.03516
5/15/09,-1.14101
5/18/09,3.03892
5/19/09,-0.17368
5/20/09,-0.51314
5/21/09,-1.67576
5/22/09,-0.14972
5/27/09,-1.89711
5/28/09,1.54189
5/29/09,1.35748
6/1/09,2.58176
6/2/09,0.19833
6/3/09,-1.37392
6/4/09,1.14836
6/5/09,-0.25147
6/8/09,-0.10105
6/9/09,0.35032
6/10/09,-0.34804
6/11/09,0.61119
6/12/09,0.1397
6/15/09,-2.37685
6/16/09,-1.27203
6/17/09,-0.13816
6/18/09,0.8411
6/19/09,0.31142
6/22/09,-3.06004
6/23/09,0.23067
6/24/09,0.65244
6/25/09,2.14443
6/26/09,-0.14778
6/29/09,0.90652
6/30/09,-0.85308
7/1/09,0.43619
7/2/09,-2.91445
7/7/09,-1.96835
7/8/09,-0.16685
7/9/09,0.35472
7/10/09,-0.40218
7/13/09,2.49337
7/14/09,0.5316
7/15/09,2.963
7/16/09,0.86418
7/17/09,-0.03827
7/20/09,1.14315
7/21/09,0.36273
7/22/09,-0.05343
7/23/09,2.32897
7/24/09,0.30421
7/27/09,0.29818
7/28/09,-0.26064
7/29/09,-0.4563
7/30/09,1.18956
7/31/09,0.07398
8/3/09,1.53421
8/4/09,0.30121
8/5/09,-0.29135
8/6/09,-0.56247
8/7/09,1.34392
8/10/09,-0.33449
8/11/09,-1.26601
8/12/09,1.15251
8/13/09,0.688
8/14/09,-0.85314
8/17/09,-2.42608
8/18/09,1.01457
8/19/09,0.68609
8/20/09,1.09488
8/21/09,1.86228
8/24/09,-0.05457
8/25/09,0.23694
8/26/09,0.01167
8/27/09,0.27818
8/28/09,-0.19884
8/31/09,-0.80764
9/1/09,-2.21238
9/2/09,-0.32965
9/3/09,0.85348
9/4/09,1.31175
9/9/09,0.77824
9/10/09,1.04222
9/11/09,-0.13504
9/14/09,0.63391
9/15/09,0.31353
9/16/09,1.53235
9/17/09,-0.30596
9/18/09,0.26373
9/21/09,-0.34073
9/22/09,0.65749
9/23/09,-1.00685
9/24/09,-0.95111
9/25/09,-0.60907
9/28/09,1.78096
9/29/09,-0.22296
9/30/09,-0.33283
10/1/09,-2.57596
10/2/09,-0.45055
10/5/09,1.4875
10/6/09,1.37055
10/7/09,0.27116
10/8/09,0.74699
10/9/09,0.56407
10/12/09,0.43864
10/13/09,-0.27876
10/14/09,1.75458
10/15/09,0.41574
10/16/09,-0.80981
10/19/09,0.94053
10/20/09,-0.62391
10/21/09,-0.88538
10/22/09,1.06436
10/23/09,-1.21785
10/26/09,-1.17173
10/27/09,-0.33179
10/28/09,-1.95409
10/29/09,2.252
10/30/09,-2.80646
11/2/09,0.64563
11/3/09,0.2426
11/4/09,0.10427
11/5/09,1.92355
11/6/09,0.25032
11/9/09,2.22388
11/10/09,-0.0064
11/11/09,0.5032
11/12/09,-1.02594
11/13/09,0.57393
11/16/09,1.44676
11/17/09,0.09195
11/18/09,-0.04683
11/19/09,-1.34258
11/20/09,-0.32149
11/23/09,1.36158
11/24/09,-0.05333
11/25/09,0.45041
11/30/09,0.3793
12/1/09,1.20752
12/2/09,0.03427
12/3/09,-0.84021
12/4/09,0.55095
12/7/09,-0.24684
12/8/09,-1.02515
12/9/09,0.36724
12/10/09,0.58397
12/11/09,0.3683
12/14/09,0.69594
12/15/09,-0.5547
12/16/09,0.11282
12/17/09,-1.18105
12/18/09,0.58299
12/21/09,1.05037
12/22/09,0.35636
12/23/09,0.22987
12/24/09,0.52562
12/29/09,-0.1401
12/30/09,0.01953
12/31/09,-1.00495
1/5/10,0.31156
1/6/10,0.05455
1/7/10,0.40013
1/8/10,0.28817
1/11/10,0.17468
1/12/10,-0.93812
1/13/10,0.83259
1/14/10,0.24265
1/15/10,-1.08232
1/20/10,-1.05979
1/21/10,-1.89449
1/22/10,-2.2141
1/25/10,0.45981
1/26/10,-0.42032
1/27/10,0.48802
1/28/10,-1.18178
1/29/10,-0.98291
2/1/10,1.42662
2/2/10,1.29729
2/3/10,-0.54744
2/4/10,-3.11406
2/5/10,0.28972
2/8/10,-0.88633
2/9/10,1.30401
2/10/10,-0.22326
2/11/10,0.96805
2/12/10,-0.27446
2/17/10,0.42379
2/18/10,0.65848
2/19/10,0.21866
2/22/10,-0.10458
2/23/10,-1.21028
2/24/10,0.97204
2/25/10,-0.2081
2/26/10,0.14053
3/1/10,1.01585
3/2/10,0.23304
3/3/10,0.04292
3/4/10,0.37362
3/5/10,1.40075
3/8/10,-0.01756
3/9/10,0.17128
3/10/10,0.45245
3/11/10,0.40415
3/12/10,-0.02173
3/15/10,0.04522
3/16/10,0.77792
3/17/10,0.58217
3/18/10,-0.03258
3/19/10,-0.50865
3/22/10,0.50953
3/23/10,0.7171
3/24/10,-0.54932
3/25/10,-0.17042
3/26/10,0.07377
3/29/10,0.56832
3/30/10,0.00426
3/31/10,-0.32729
4/1/10,0.74139
4/6/10,0.16843
4/7/10,-0.58767
4/8/10,0.33743
4/9/10,0.66839
4/12/10,0.17666
4/13/10,0.06853
4/14/10,1.11501
4/15/10,0.08425
4/16/10,-1.61265
4/19/10,0.45213
4/20/10,0.80583
4/21/10,-0.10189
4/22/10,0.22638
4/23/10,0.71235
4/26/10,-0.42965
4/27/10,-2.33819
4/28/10,0.64627
4/29/10,1.29432
4/30/10,-1.66476
5/3/10,1.31205
5/4/10,-2.38384
5/5/10,-0.6561
5/6/10,-3.23784
5/7/10,-1.53082
5/10/10,4.39741
5/11/10,-0.33973
5/12/10,1.37395
5/13/10,-1.21451
5/14/10,-1.88001
5/17/10,0.11095
5/18/10,-1.4196
5/19/10,-0.51303
5/20/10,-3.89758
5/21/10,1.50244
5/24/10,-1.29081
5/25/10,0.03539
5/26/10,-0.56609
5/27/10,3.28761
5/28/10,-1.23747
6/2/10,2.58427
6/3/10,0.40514
6/4/10,-3.44115
6/7/10,-1.3532
6/8/10,1.0976
6/9/10,-0.59416
6/10/10,2.95068
6/11/10,0.43797
6/14/10,-0.18047
6/15/10,2.34942
6/16/10,-0.05559
6/17/10,0.1283
6/18/10,0.13172
6/21/10,-0.38568
6/22/10,-1.60708
6/23/10,-0.29855
6/24/10,-1.68034
6/25/10,0.28593
6/28/10,-0.20339
6/29/10,-3.10171
6/30/10,-1.01129
7/1/10,-0.32405
7/2/10,-0.46624
7/7/10,3.13309
7/8/10,0.94127
7/9/10,0.72039
7/12/10,0.07329
7/13/10,1.53789
7/14/10,-0.01552
7/15/10,0.11962
7/16/10,-2.88195
7/19/10,0.59819
7/20/10,1.14166
7/21/10,-1.28198
7/22/10,2.25133
7/23/10,0.822
7/26/10,1.12002
7/27/10,-0.10493
7/28/10,-0.6922
7/29/10,-0.41586
7/30/10,0.00635
8/2/10,2.20225
8/3/10,-0.47963
8/4/10,0.60511
8/5/10,-0.12686
8/6/10,-0.3704
8/9/10,0.5483
8/10/10,-0.59674
8/11/10,-2.81787
8/12/10,-0.53788
8/13/10,-0.40236
8/16/10,0.01205
8/17/10,1.21922
8/18/10,0.14828
8/19/10,-1.69354
8/20/10,-0.3663
8/23/10,-0.40403
8/24/10,-1.45124
8/25/10,0.32894
8/26/10,-0.76848
8/27/10,1.65868
8/30/10,-1.47193
8/31/10,0.03909
9/1/10,2.95045
9/2/10,0.90809
9/3/10,1.3219
9/8/10,0.64387
9/9/10,0.48322
9/10/10,0.48633
9/13/10,1.11306
9/14/10,-0.07131
9/15/10,0.35412
9/16/10,-0.03644
9/17/10,0.08269
9/20/10,1.52098
9/21/10,-0.25641
9/22/10,-0.48255
9/23/10,-0.83313
9/24/10,2.11943
9/27/10,-0.56674
9/28/10,0.48505
9/29/10,-0.25878
9/30/10,-0.30837
10/1/10,0.44164
10/4/10,-0.8035
10/5/10,2.08614
10/6/10,-0.0672
10/7/10,-0.16466
10/8/10,0.61223
10/11/10,0.01459
10/12/10,0.38187
10/13/10,0.71211
10/14/10,-0.36415
10/15/10,0.20276
10/18/10,0.72437
10/19/10,-1.58773
10/20/10,1.05241
10/21/10,0.17739
10/22/10,0.23893
10/25/10,0.21469
10/26/10,0.00169
10/27/10,-0.26905
10/28/10,0.11248
10/29/10,-0.04393
11/1/10,0.09465
11/2/10,0.77593
11/3/10,0.3678
11/4/10,1.92828
11/5/10,0.39228
11/8/10,-0.2121
11/9/10,-0.80523
11/10/10,0.43761
11/11/10,-0.42422
11/12/10,-1.18084
11/15/10,-0.12175
11/16/10,-1.62054
11/17/10,0.02122
11/18/10,1.53573
11/19/10,0.25403
11/22/10,-0.15754
11/23/10,-1.4284
11/24/10,1.4923
11/29/10,-0.13788
11/30/10,-0.60702
12/1/10,2.1617
12/2/10,1.28185
12/3/10,0.26033
12/6/10,-0.12983
12/7/10,0.05151
12/8/10,0.37017
12/9/10,0.38428
12/10/10,0.60016
12/13/10,0.00484
12/14/10,0.0911
12/15/10,-0.51225
12/16/10,0.61851
12/17/10,0.08368
12/20/10,0.25484
12/21/10,0.60301
12/22/10,0.33796
12/23/10,-0.16444
12/28/10,0.07713
12/29/10,0.10091
12/30/10,-0.15082
12/31/10,-0.01908
1/3/11,1.13148
1/4/11,-0.1313
1/5/11,0.50071
1/6/11,-0.21229
1/7/11,-0.18448
1/10/11,-0.13763
1/11/11,0.37251
1/12/11,0.90076
1/13/11,-0.17108
1/14/11,0.73846
1/19/11,-1.01157
1/20/11,-0.12949
1/21/11,0.24136
1/24/11,0.58363
1/25/11,0.02634
1/26/11,0.42209
1/27/11,0.22443
1/28/11,-1.78525
1/31/11,0.76625
2/1/11,1.66936
2/2/11,-0.27226
2/3/11,0.23542
2/4/11,0.28842
2/7/11,0.62401
2/8/11,0.41848
2/9/11,-0.27858
2/10/11,0.07495
2/11/11,0.55073
2/14/11,0.2385
2/15/11,-0.3235
2/16/11,0.62575
2/17/11,0.30756
2/18/11,0.19248
2/23/11,-0.6112
2/24/11,-0.09943
2/25/11,1.05505
2/28/11,0.55611
3/1/11,-1.57397
3/2/11,0.16152
3/3/11,1.7219
3/4/11,-0.73781
3/7/11,-0.83412
3/8/11,0.89228
3/9/11,-0.13618
3/10/11,-1.88709
3/11/11,0.70805
3/14/11,-0.60493
3/15/11,-1.12003
3/16/11,-1.9495
3/17/11,1.33983
3/18/11,0.43024
3/21/11,1.49937
3/22/11,-0.35506
3/23/11,0.2914
3/24/11,0.93408
3/25/11,0.31611
3/28/11,-0.27478
3/29/11,0.706
3/30/11,0.66847
3/31/11,-0.18295
4/1/11,0.49629
4/4/11,0.03452
4/5/11,-0.01801
4/6/11,0.21837
4/7/11,-0.152
4/8/11,-0.40045
4/11/11,-0.27933
4/12/11,-0.77768
4/13/11,0.01902
4/14/11,0.00837
4/15/11,0.39254
4/18/11,-1.10178
4/19/11,0.57312
4/20/11,1.3515
4/21/11,0.52768
4/26/11,0.89796
4/27/11,0.62498
4/28/11,0.35555
4/29/11,0.23007
5/2/11,-0.17527
5/3/11,-0.33793
5/4/11,-0.68553
5/5/11,-0.90699
5/6/11,0.38199
5/9/11,0.45441
5/10/11,0.8074
5/11/11,-1.11114
5/12/11,0.48954
5/13/11,-0.80673
5/16/11,-0.62044
5/17/11,-0.03686
5/18/11,0.88037
5/19/11,0.2178
5/20/11,-0.76883
5/23/11,-1.19256
5/24/11,-0.08274
5/25/11,0.31832
5/26/11,0.39531
5/27/11,0.40809
6/1/11,-2.27847
6/2/11,-0.12248
6/3/11,-0.97339
6/6/11,-1.07602
6/7/11,-0.09563
6/8/11,-0.4187
6/9/11,0.73775
6/10/11,-1.39798
6/13/11,0.06688
6/14/11,1.26117
6/15/11,-1.74319
6/16/11,0.17544
6/17/11,0.3045
6/20/11,0.53952
6/21/11,1.34234
6/22/11,-0.64684
6/23/11,-0.2828
6/24/11,-1.17257
6/27/11,0.91844
6/28/11,1.29443
6/29/11,0.82828
6/30/11,1.01192
7/1/11,1.44097
7/6/11,0.10016
7/7/11,1.04538
7/8/11,-0.69612
7/11/11,-1.80905
7/12/11,-0.44335
7/13/11,0.31059
7/14/11,-0.67161
7/15/11,0.55544
7/18/11,-0.81298
7/19/11,1.63087
7/20/11,-0.06708
7/21/11,1.35461
7/22/11,0.09079
7/25/11,-0.5643
7/26/11,-0.41049
7/27/11,-2.03087
7/28/11,-0.3234
7/29/11,-0.64505
8/1/11,-0.41322
8/2/11,-2.55567
8/3/11,0.50157
8/4/11,-4.78204
8/5/11,-0.0575
8/8/11,-6.66344
8/9/11,4.74068
8/10/11,-4.41524
8/11/11,4.629
8/12/11,0.52616
8/15/11,2.17847
8/16/11,-0.97386
8/17/11,0.09474
8/18/11,-4.45937
8/19/11,-1.5009
8/22/11,0.02581
8/23/11,3.42848
8/24/11,1.312
8/25/11,-1.55656
8/26/11,1.51216
8/29/11,2.82801
8/30/11,0.2347
8/31/11,0.4922
9/1/11,-1.18715
9/2/11,-2.52819
9/7/11,2.86465
9/8/11,-1.06122
9/9/11,-2.67055
9/12/11,0.69657
9/13/11,0.91201
9/14/11,1.34798
9/15/11,1.71871
9/16/11,0.57067
9/19/11,-0.98026
9/20/11,-0.1661
9/21/11,-2.93905
9/22/11,-3.18832
9/23/11,0.6082
9/26/11,2.33362
9/27/11,1.06883
9/28/11,-2.06912
9/29/11,0.81143
9/30/11,-2.49741
10/3/11,-2.8451
10/4/11,2.24885
10/5/11,1.78656
10/6/11,1.83037
10/7/11,-0.81633
10/10/11,3.41249
10/11/11,0.0544
10/12/11,0.97947
10/13/11,-0.29737
10/14/11,1.73803
10/17/11,-1.93699
10/18/11,2.04187
10/19/11,-1.26491
10/20/11,0.45542
10/21/11,1.88088
10/24/11,1.2873
10/25/11,-2.00448
10/26/11,1.05366
10/27/11,3.42915
10/28/11,0.03892
10/31/11,-2.47376
11/1/11,-2.79422
11/2/11,1.61047
11/3/11,1.87818
11/4/11,-0.628
11/7/11,0.62957
11/8/11,1.17356
11/9/11,-3.66951
11/10/11,0.86161
11/11/11,1.94887
11/14/11,-0.95502
11/15/11,0.48171
11/16/11,-1.66162
11/17/11,-1.67999
11/18/11,-0.03947
11/21/11,-1.86485
11/22/11,-0.41409
11/23/11,-2.20952
11/28/11,2.92404
11/29/11,0.22137
11/30/11,4.33153
12/1/11,-0.19086
12/2/11,-0.0241
12/5/11,1.02871
12/6/11,0.11057
12/7/11,0.20183
12/8/11,-2.11418
12/9/11,1.68834
12/12/11,-1.49141
12/13/11,-0.8686
12/14/11,-1.13483
12/15/11,0.32431
12/16/11,0.32161
12/19/11,-1.17328
12/20/11,2.98254
12/21/11,0.19496
12/22/11,0.82655
12/23/11,0.90351
12/28/11,-1.2478
12/29/11,1.07071
12/30/11,-0.42913
1/4/12,0.01879
1/5/12,0.29437
1/6/12,-0.2537
1/9/12,0.22617
1/10/12,0.88858
1/11/12,0.03096
1/12/12,0.23366
1/13/12,-0.49479
1/18/12,1.11079
1/19/12,0.49387
1/20/12,0.06695
1/23/12,0.04713
1/24/12,-0.10258
1/25/12,0.86715
1/26/12,-0.57464
1/27/12,-0.15928
1/30/12,-0.25222
1/31/12,-0.0457
2/1/12,0.88997
2/2/12,0.10951
2/3/12,1.46054
2/6/12,-0.04238
2/7/12,0.20233
2/8/12,0.21603
2/9/12,0.14741
2/10/12,-0.68863
2/13/12,0.68
2/14/12,-0.09395
2/15/12,-0.53832
2/16/12,1.10257
2/17/12,0.2349
2/22/12,-0.33402
2/23/12,0.42721
2/24/12,0.16722
2/27/12,0.13546
2/28/12,0.33563
2/29/12,-0.4737
3/1/12,0.61581
3/2/12,-0.32458
3/5/12,-0.38697
3/6/12,-1.53702
3/7/12,0.69006
3/8/12,0.98179
3/9/12,0.36313
3/12/12,0.01605
3/13/12,1.81316
3/14/12,-0.11963
3/15/12,0.59672
3/16/12,0.11193
3/19/12,0.39739
3/20/12,-0.30005
3/21/12,-0.18712
3/22/12,-0.72066
3/23/12,0.31089
3/26/12,1.38858
3/27/12,-0.28168
3/28/12,-0.49415
3/29/12,-0.16079
3/30/12,0.36985
4/2/12,0.75046
4/3/12,-0.39886
4/4/12,-1.02025
4/5/12,-0.0629
4/10/12,-1.70815
4/11/12,0.74489
4/12/12,1.37794
4/13/12,-1.2475
4/16/12,-0.05036
4/17/12,1.54866
4/18/12,-0.40553
4/19/12,-0.59344
4/20/12,0.11693
4/23/12,-0.84075
4/24/12,0.36798
4/25/12,1.36446
4/26/12,0.66801
4/27/12,0.24143
4/30/12,-0.38835
5/1/12,0.56584
5/2/12,-0.24968
5/3/12,-0.76588
5/4/12,-1.61472
5/7/12,0.03506
5/8/12,-0.42787
5/9/12,-0.67023
5/10/12,0.25174
5/11/12,-0.33874
5/14/12,-1.11128
5/15/12,-0.57459
5/16/12,-0.44038
5/17/12,-1.50513
5/18/12,-0.73878
5/21/12,1.60359
5/22/12,0.04863
5/23/12,0.16937
5/24/12,0.138
5/25/12,-0.21656
5/30/12,-1.43348
5/31/12,-0.22767
6/1/12,-2.46426
6/4/12,0.01095
6/5/12,0.57269
6/6/12,2.30494
6/7/12,-0.01065
6/8/12,0.81141
6/11/12,-1.26201
6/12/12,1.16507
6/13/12,-0.70232
6/14/12,1.08147
6/15/12,1.03378
6/18/12,0.14447
6/19/12,0.98157
6/20/12,-0.16863
6/21/12,-2.22617
6/22/12,0.71746
6/25/12,-1.59548
6/26/12,0.47727
6/27/12,0.89849
6/28/12,-0.21098
6/29/12,2.49202
7/2/12,0.24593
7/3/12,0.62321
7/6/12,-0.94327
7/9/12,-0.16388
7/10/12,-0.81259
7/11/12,-0.00149
7/12/12,-0.49871
7/13/12,1.64973
7/16/12,-0.23143
7/17/12,0.74097
7/18/12,0.66805
7/19/12,0.27171
7/20/12,-1.00617
7/23/12,-0.8909
7/24/12,-0.9041
7/25/12,-0.03138
7/26/12,1.6541
7/27/12,1.90806
7/30/12,-0.04834
7/31/12,-0.43168
8/1/12,-0.30305
8/2/12,-0.73738
8/3/12,1.90403
8/6/12,0.23293
8/7/12,0.51068
8/8/12,0.06208
8/9/12,0.04136
8/10/12,0.21885
8/13/12,-0.12519
8/14/12,-0.01282
8/15/12,0.11397
8/16/12,0.71005
8/17/12,0.18721
8/20/12,-0.00212
8/21/12,-0.34976
8/22/12,0.02264
8/23/12,-0.80722
8/24/12,0.64547
8/27/12,-0.0489
8/28/12,-0.08083
8/29/12,0.08444
8/30/12,-0.78058
8/31/12,0.50733
9/5/12,-0.10677
9/6/12,2.04355
9/7/12,0.40499
9/10/12,-0.61478
9/11/12,0.31349
9/12/12,0.20927
9/13/12,1.63098
9/14/12,0.39589
9/17/12,-0.31246
9/18/12,-0.12798
9/19/12,0.11855
9/20/12,-0.05407
9/21/12,-0.00753
9/24/12,-0.22326
9/25/12,-1.05018
9/26/12,-0.57367
9/27/12,0.96489
9/28/12,-0.44778
10/1/12,0.26515
10/2/12,0.08723
10/3/12,0.36244
10/4/12,0.71744
10/5/12,-0.03216
10/8/12,-0.34567
10/9/12,-0.98909
10/10/12,-0.61881
10/11/12,0.01955
10/12/12,-0.29661
10/15/12,0.80779
10/16/12,1.02699
10/17/12,0.41171
10/18/12,-0.24437
10/19/12,-1.65713
10/22/12,0.04396
10/23/12,-1.44439
10/24/12,-0.30854
10/25/12,0.29956
10/26/12,-0.0729
11/1/12,1.09265
11/2/12,-0.93794
11/5/12,0.21638
11/6/12,0.78532
11/7/12,-2.3705
11/8/12,-1.22048
11/9/12,0.16987
11/12/12,0.01304
11/13/12,-0.39854
11/14/12,-1.3852
11/15/12,-0.15935
11/16/12,0.48399
11/19/12,1.9862
11/20/12,0.06634
11/21/12,0.23202
11/26/12,-0.20296
11/27/12,-0.52265
11/28/12,0.78559
11/29/12,0.42697
11/30/12,0.01624
12/3/12,-0.47452
12/4/12,-0.17099
12/5/12,0.15849
12/6/12,0.33067
12/7/12,0.29209
12/10/12,0.03385
12/11/12,0.65489
12/12/12,0.04482
12/13/12,-0.63214
12/14/12,-0.41354
12/17/12,1.18706
12/18/12,1.14866
12/19/12,-0.75892
12/20/12,0.54882
12/21/12,-0.93787
12/24/12,-0.24403
12/27/12,-0.12185
12/28/12,-1.105
12/31/12,1.6942
1/3/13,-0.20856
1/4/13,0.48651
1/7/13,-0.31231
1/8/13,-0.32424
1/9/13,0.26559
1/10/13,0.75974
1/11/13,-0.00476
1/14/13,-0.09307
1/15/13,0.11287
1/16/13,0.0197
1/17/13,0.5643
1/18/13,0.34032
1/23/13,0.15075
1/24/13,0.00067
1/25/13,0.54455
1/28/13,-0.18497
1/29/13,0.51061
1/30/13,-0.38996
1/31/13,-0.25633
2/1/13,1.00527
2/4/13,-1.15387
2/5/13,1.04165
2/6/13,0.05492
2/7/13,-0.18054
2/8/13,0.56579
2/11/13,-0.06061
2/12/13,0.15952
2/13/13,0.05923
2/14/13,0.06906
2/15/13,-0.10451
2/20/13,-1.24041
2/21/13,-0.63031
2/22/13,0.87725
2/25/13,-1.83096
2/26/13,0.61095
2/27/13,1.2726
2/28/13,-0.08641
3/1/13,0.23239
3/4/13,0.46107
3/5/13,0.9566
3/6/13,0.10846
3/7/13,0.18165
3/8/13,0.44811
3/11/13,0.32491
3/12/13,-0.24033
3/13/13,0.1314
3/14/13,0.5603
3/15/13,-0.16184
3/18/13,-0.55103
3/19/13,-0.24225
3/20/13,0.66975
3/21/13,-0.82825
3/22/13,0.71743
3/25/13,-0.334
3/26/13,0.77851
3/27/13,-0.05883
3/28/13,0.40567
4/2/13,0.51723
4/3/13,-1.05461
4/4/13,0.40484
4/5/13,-0.42949
4/8/13,0.63028
4/9/13,0.35443
4/10/13,1.21891
4/11/13,0.35522
4/12/13,-0.28368
4/15/13,-2.29663
4/16/13,1.43072
4/17/13,-1.43277
4/18/13,-0.6701
4/19/13,0.88479
4/22/13,0.46616
4/23/13,1.04192
4/24/13,0.00063
4/25/13,0.40347
4/26/13,-0.18421
4/29/13,0.7186
4/30/13,0.24849
5/1/13,-0.93079
5/2/13,0.9408
5/3/13,1.05346
5/6/13,0.19078
5/7/13,0.52303
5/8/13,0.41391
5/9/13,-0.36872
5/10/13,0.43217
5/13/13,0.00428
5/14/13,1.01422
5/15/13,0.51141
5/16/13,-0.50097
5/17/13,1.03001
5/20/13,-0.07077
5/21/13,0.17224
5/22/13,-0.82736
5/23/13,-0.29239
5/24/13,-0.05513
5/29/13,-0.70479
5/30/13,0.36703
5/31/13,-1.43072
6/3/13,0.5936
6/4/13,-0.55108
6/5/13,-1.37797
6/6/13,0.84903
6/7/13,1.28316
6/10/13,-0.03468
6/11/13,-1.01533
6/12/13,-0.83696
6/13/13,1.47843
6/14/13,-0.5885
6/17/13,0.75673
6/18/13,0.77911
6/19/13,-1.38515
6/20/13,-2.50103
6/21/13,0.26697
6/24/13,-1.2145
6/25/13,0.94972
6/26/13,0.95905
6/27/13,0.61999
6/28/13,-0.42896
7/1/13,0.54038
7/2/13,-0.05449
7/3/13,0.0824
7/8/13,0.52516
7/9/13,0.72297
7/10/13,0.01816
7/11/13,1.35542
7/12/13,0.30865
7/15/13,0.13748
7/16/13,-0.37088
7/17/13,0.2774
7/18/13,0.5033
7/19/13,0.16101
7/22/13,0.2033
7/23/13,-0.18519
7/24/13,-0.38112
7/25/13,0.25564
7/26/13,0.08283
7/29/13,-0.3736
7/30/13,0.03738
7/31/13,-0.01364
8/1/13,1.25406
8/2/13,0.16404
8/5/13,-0.14798
8/6/13,-0.5723
8/7/13,-0.38059
8/8/13,0.38855
8/9/13,-0.357
8/12/13,-0.11529
8/13/13,0.2776
8/14/13,-0.51766
8/15/13,-1.42816
8/16/13,-0.33046
8/19/13,-0.59004
8/20/13,0.38212
8/21/13,-0.57796
8/22/13,0.86194
8/23/13,0.3947
8/26/13,-0.40397
8/27/13,-1.58742
8/28/13,0.27477
8/29/13,0.19634
8/30/13,-0.31743
9/4/13,0.8117
9/5/13,0.12099
9/6/13,0.00544
9/9/13,0.99929
9/10/13,0.73458
9/11/13,0.30523
9/12/13,-0.33804
9/13/13,0.27147
9/16/13,0.56932
9/17/13,0.42177
9/18/13,1.21777
9/19/13,-0.18429
9/20/13,-0.72169
9/23/13,-0.47195
9/24/13,-0.25972
9/25/13,-0.27395
9/26/13,0.34854
9/27/13,-0.40738
9/30/13,-0.60293
10/1/13,0.79986
10/2/13,-0.06667
10/3/13,-0.89794
10/4/13,0.70532
10/7/13,-0.85064
10/8/13,-1.23321
10/9/13,0.05739
10/10/13,2.18305
10/11/13,0.62863
10/14/13,0.40747
10/15/13,-0.70637
10/16/13,1.38275
10/17/13,0.6744
10/18/13,0.65488
10/21/13,0.00917
10/22/13,0.57375
10/23/13,-0.47245
10/24/13,0.32582
10/25/13,0.43948
10/28/13,0.13297
10/29/13,0.55842
10/30/13,-0.4876
10/31/13,-0.38394
11/1/13,0.29034
11/4/13,0.35705
11/5/13,-0.28055
11/6/13,0.42655
11/7/13,-1.31828
11/8/13,1.34276
11/11/13,0.07229
11/12/13,-0.23704
11/13/13,0.80953
11/14/13,0.48373
11/15/13,0.4222
11/18/13,-0.36982
11/19/13,-0.20429
11/20/13,-0.36356
11/21/13,0.81286
11/22/13,0.49614
11/25/13,-0.12633
11/26/13,0.01498
11/27/13,0.24851
12/2/13,-0.2719
12/3/13,-0.31928
12/4/13,-0.13035
12/5/13,-0.43396
12/6/13,1.12379
12/9/13,0.18171
12/10/13,-0.31797
12/11/13,-1.13169
12/12/13,-0.37706
12/13/13,-0.01014
12/16/13,0.632
12/17/13,-0.3101
12/18/13,1.6648
12/19/13,-0.05799
12/20/13,0.48187
12/23/13,0.53181
12/24/13,0.29158
12/27/13,-0.03366
12/30/13,-0.01792
12/31/13,0.39597
1/3/14,-0.0333
1/6/14,-0.25118
1/7/14,0.60818
1/8/14,-0.02122
1/9/14,0.03483
1/10/14,0.23067
1/13/14,-1.25762
1/14/14,1.08179
1/15/14,0.51662
1/16/14,-0.13471
1/17/14,-0.38951
1/22/14,0.05749
1/23/14,-0.88896
1/24/14,-2.08755
1/27/14,-0.48763
1/28/14,0.61407
1/29/14,-1.02092
1/30/14,1.1267
1/31/14,-0.64653
2/3/14,-2.28319
2/4/14,0.76411
2/5/14,-0.20283
2/6/14,1.24398
2/7/14,1.33019
2/10/14,0.15693
2/11/14,1.10621
2/12/14,-0.02693
2/13/14,0.58101
2/14/14,0.48092
2/19/14,-0.65245
2/20/14,0.60314
2/21/14,-0.19187
2/24/14,0.61865
2/25/14,-0.13477
2/26/14,0.00217
2/27/14,0.49481
2/28/14,0.27827
3/3/14,-0.73785
3/4/14,1.52677
3/5/14,-0.00534
3/6/14,0.17184
3/7/14,0.05381
3/10/14,-0.04632
3/11/14,-0.50821
3/12/14,0.03052
3/13/14,-1.17011
3/14/14,-0.28218
3/17/14,0.96137
3/18/14,0.72196
3/19/14,-0.61317
3/20/14,0.60405
3/21/14,-0.29327
3/24/14,-0.48647
3/25/14,0.44039
3/26/14,-0.70004
3/27/14,-0.19001
3/28/14,0.46402
3/31/14,0.79241
4/1/14,0.70393
4/2/14,0.28533
4/3/14,-0.11264
4/4/14,-1.25373
4/7/14,-1.07502
4/8/14,0.37506
4/9/14,1.09182
4/10/14,-2.08847
4/11/14,-0.94868
4/14/14,0.82173
4/15/14,0.67573
4/16/14,1.04884
4/17/14,0.13639
4/22/14,0.40921
4/23/14,-0.22133
4/24/14,0.1717
4/25/14,-0.80964
4/28/14,0.3236
4/29/14,0.47608
4/30/14,0.2992
5/1/14,-0.01433
5/2/14,-0.13484
5/5/14,0.18712
5/6/14,-0.89884
5/7/14,0.56165
5/8/14,-0.13736
5/9/14,0.15195
5/12/14,0.96727
5/13/14,0.04218
5/14/14,-0.4701
5/15/14,-0.93618
5/16/14,0.3747
5/19/14,0.38448
5/20/14,-0.64984
5/21/14,0.81161
5/22/14,0.23623
5/23/14,0.42484
5/28/14,-0.11141
5/29/14,0.53671
5/30/14,0.18437
6/2/14,0.07278
6/3/14,-0.03792
6/4/14,0.18917
6/5/14,0.65253
6/6/14,0.46278
6/9/14,0.09387
6/10/14,-0.0246
6/11/14,-0.3537
6/12/14,-0.70889
6/13/14,0.31345
6/16/14,0.08367
6/17/14,0.21726
6/18/14,0.77189
6/19/14,0.12775
6/20/14,0.17301
6/23/14,-0.01325
6/24/14,-0.64353
6/25/14,0.48975
6/26/14,-0.11789
6/27/14,0.19109
6/30/14,-0.03723
7/1/14,0.66778
7/2/14,0.06588
7/3/14,0.54795
7/8/14,-0.70488
7/9/14,0.46443
7/10/14,-0.41311
7/11/14,0.1471
7/14/14,0.48435
7/15/14,-0.19321
7/16/14,0.42011
7/17/14,-1.18341
7/18/14,1.02649
7/21/14,-0.23203
7/22/14,0.50161
7/23/14,0.17544
7/24/14,0.04882
7/25/14,-0.48491
7/28/14,0.02881
7/29/14,-0.45277
7/30/14,0.00609
7/31/14,-1.99993
8/1/14,-0.28591
8/4/14,0.71891
8/5/14,-0.96855
8/6/14,0.00156
8/7/14,-0.55566
8/8/14,1.15314
8/11/14,0.27594
8/12/14,-0.16366
8/13/14,0.67072
8/14/14,0.43458
8/15/14,-0.00614
8/18/14,0.85317
8/19/14,0.50007
8/20/14,0.24778
8/21/14,0.29499
8/22/14,-0.19926
8/25/14,0.47878
8/26/14,0.10511
8/27/14,0.005
8/28/14,-0.16899
8/29/14,0.33204
9/3/14,-0.07791
9/4/14,-0.15344
9/5/14,0.50359
9/8/14,-0.30732
9/9/14,-0.6545
9/10/14,0.36461
9/11/14,0.08819
9/12/14,-0.59626
9/15/14,-0.07101
9/16/14,0.74844
9/17/14,0.12957
9/18/14,0.48912
9/19/14,-0.04773
9/22/14,-0.80133
9/23/14,-0.57765
9/24/14,0.78325
9/25/14,-1.61687
9/26/14,0.85758
9/29/14,-0.25468
9/30/14,-0.27859
10/1/14,-1.32486
10/2/14,0.00051
10/3/14,1.11655
10/6/14,-0.15651
10/7/14,-1.51261
10/8/14,1.74616
10/9/14,-2.06614
10/10/14,-1.1451
10/13/14,-1.64679
10/14/14,0.15789
10/15/14,-0.81003
10/16/14,0.0145
10/17/14,1.28841
10/20/14,0.91427
10/21/14,1.95745
10/22/14,-0.72993
10/23/14,1.23034
10/24/14,0.70534
10/27/14,-0.15016
10/28/14,1.19391
10/29/14,-0.13854
10/30/14,0.62301
10/31/14,1.17314
11/3/14,-0.01189
11/4/14,-0.28298
11/5/14,0.57005
11/6/14,0.37755
11/7/14,0.03495
11/10/14,0.31202
11/11/14,0.06967
11/12/14,-0.07011
11/13/14,0.05299
11/14/14,0.02403
11/17/14,0.07354
11/18/14,0.51339
11/19/14,-0.15011
11/20/14,0.19671
11/21/14,0.52369
11/24/14,0.28641
11/25/14,-0.11501
11/26/14,0.2806
12/1/14,-0.68293
12/2/14,0.63844
12/3/14,0.37647
12/4/14,-0.11618
12/5/14,0.16651
12/8/14,-0.72565
12/9/14,-0.02378
12/10/14,-1.63509
12/11/14,0.45357
12/12/14,-1.62136
12/15/14,-0.63426
12/16/14,-0.8489
12/17/14,2.03524
12/18/14,2.40152
12/19/14,0.45701
12/22/14,0.38104
12/23/14,0.17464
12/24/14,-0.01393
12/29/14,0.08618
12/30/14,-0.48886
12/31/14,-1.03108
1/5/15,-1.82781
1/6/15,-0.88935
1/7/15,1.16298
1/8/15,1.78883
1/9/15,-0.84039
1/12/15,-0.80937
1/13/15,-0.25786
1/14/15,-0.58131
1/15/15,-0.92479
1/16/15,1.34242
1/21/15,0.47317
1/22/15,1.52698
1/23/15,-0.54916
1/26/15,0.25685
1/27/15,-1.33878
1/28/15,-1.34956
1/29/15,0.95347
1/30/15,-1.2992
2/2/15,1.29625
2/3/15,1.44395
2/4/15,-0.4156
2/5/15,1.02914
2/6/15,-0.34181
2/9/15,-0.42472
2/10/15,1.06755
2/11/15,-0.0029
2/12/15,0.96445
2/13/15,0.40747
2/18/15,-0.03142
2/19/15,-0.10621
2/20/15,0.61265
2/23/15,-0.03033
2/24/15,0.27587
2/25/15,-0.07658
2/26/15,-0.1476
2/27/15,-0.29563
3/2/15,0.6125
3/3/15,-0.45386
3/4/15,-0.43885
3/5/15,0.11961
3/6/15,-1.41739
3/9/15,0.39445
3/10/15,-1.69614
3/11/15,-0.19177
3/12/15,1.26015
3/13/15,-0.60747
3/16/15,1.35337
3/17/15,-0.33202
3/18/15,1.21584
3/19/15,-0.48726
3/20/15,0.90127
3/23/15,-0.17456
3/24/15,-0.61395
3/25/15,-1.45589
3/26/15,-0.23774
3/27/15,0.23685
3/30/15,1.22367
3/31/15,-0.87957
4/1/15,-0.39654
4/2/15,0.35297
4/7/15,-0.20619
4/8/15,0.26826
4/9/15,0.44575
4/10/15,0.52028
4/13/15,-0.45812
4/14/15,0.16297
4/15/15,0.51483
4/16/15,-0.07785
4/17/15,-1.13112
4/20/15,0.92351
4/21/15,-0.14807
4/22/15,0.50875
4/23/15,0.23577
4/24/15,0.22528
4/27/15,-0.41413
4/28/15,0.27692
4/29/15,-0.37404
4/30/15,-1.01289
5/1/15,1.0923
5/4/15,0.29408
5/5/15,-1.18374
5/6/15,-0.44557
5/7/15,0.37738
5/8/15,1.34579
5/11/15,-0.50896
5/12/15,-0.29497
5/13/15,-0.03049
5/14/15,1.07792
5/15/15,0.07685
5/18/15,0.3048
5/19/15,-0.06434
5/20/15,-0.09305
5/21/15,0.23379
5/22/15,-0.22339
5/27/15,0.91626
5/28/15,-0.12668
5/29/15,-0.63184
6/1/15,0.20594
6/2/15,-0.10087
6/3/15,0.21189
6/4/15,-0.86232
6/5/15,-0.14362
6/8/15,-0.64745
6/9/15,0.04184
6/10/15,1.20424
6/11/15,0.17386
6/12/15,-0.69943
6/15/15,-0.46225
6/16/15,0.56898
6/17/15,0.19797
6/18/15,0.99027
6/19/15,-0.53035
6/22/15,0.60948
6/23/15,0.06359
6/24/15,-0.73534
6/25/15,-0.29736
6/26/15,-0.039
6/29/15,-2.08661
6/30/15,0.26584
7/1/15,0.69361
7/2/15,-0.03081
7/7/15,0.60809
7/8/15,-1.66527
7/9/15,0.22622
7/10/15,1.23385
7/13/15,1.10661
7/14/15,0.44532
7/15/15,-0.0735
7/16/15,0.80146
7/17/15,0.11063
7/20/15,0.07712
7/21/15,-0.42617
7/22/15,-0.23877
7/23/15,-0.5676
7/24/15,-1.07033
7/27/15,-0.5775
7/28/15,1.23861
7/29/15,0.73188
7/30/15,0.00285
7/31/15,-0.22716
8/3/15,-0.27569
8/4/15,-0.22497
8/5/15,0.31147
8/6/15,-0.7753
8/7/15,-0.28749
8/10/15,1.28082
8/11/15,-0.95572
8/12/15,0.09501
8/13/15,-0.12751
8/14/15,0.39119
8/17/15,0.52115
8/18/15,-0.26255
8/19/15,-0.8255
8/20/15,-2.11001
8/21/15,-3.1851
8/24/15,-3.94137
8/25/15,-1.3522
8/26/15,3.90338
8/27/15,2.42977
8/28/15,0.06088
8/31/15,-0.83917
9/1/15,-2.95764
9/2/15,1.8293
9/3/15,0.11648
9/4/15,-1.53296
9/9/15,-1.38976
9/10/15,0.5278
9/11/15,0.4487
9/14/15,-0.40896
9/15/15,1.28313
9/16/15,0.87054
9/17/15,-0.2561
9/18/15,-1.61642
9/21/15,0.45658
9/22/15,-1.23184
9/23/15,-0.20487
9/24/15,-0.3363
9/25/15,-0.04658
9/28/15,-2.56661
9/29/15,0.12329
9/30/15,1.90755
10/1/15,0.19739
10/2/15,1.43153
10/5/15,1.82898
10/6/15,-0.35882
10/7/15,0.80357
10/8/15,0.88184
10/9/15,0.07251
10/12/15,0.12755
10/13/15,-0.68254
10/14/15,-0.47163
10/15/15,1.48528
10/16/15,0.45705
10/19/15,0.02705
10/20/15,-0.14211
10/21/15,-0.58254
10/22/15,1.66275
10/23/15,1.10304
10/26/15,-0.19131
10/27/15,-0.25541
10/28/15,1.18399
10/29/15,-0.04497
10/30/15,-0.481
11/2/15,1.18738
11/3/15,0.27281
11/4/15,-0.35454
11/5/15,-0.11321
11/6/15,-0.03476
11/9/15,-0.98228
11/10/15,0.15106
11/11/15,-0.32281
11/12/15,-1.39904
11/13/15,-1.12074
11/16/15,1.49033
11/17/15,-0.13394
11/18/15,1.61624
11/19/15,-0.11231
11/20/15,0.38102
11/23/15,-0.12349
11/24/15,0.12221
11/25/15,-0.01292
11/30/15,-0.46409
12/1/15,1.06806
12/2/15,-1.09958
12/3/15,-1.43736
12/4/15,2.05258
12/7/15,-0.69896
12/8/15,-0.64899
12/9/15,-0.77389
12/10/15,0.22514
12/11/15,-1.94228
12/14/15,0.47556
12/15/15,1.06185
12/16/15,1.4515
12/17/15,-1.50405
12/18/15,-1.77972
12/21/15,0.77784
12/22/15,0.88168
12/23/15,1.2418
12/24/15,-0.15986
12/29/15,1.06297
12/30/15,-0.72172
12/31/15,-0.94118
1/5/16,0.20123
1/6/16,-1.31154
1/7/16,-2.37004
1/8/16,-1.08384
1/11/16,0.08533
1/12/16,0.78028
1/13/16,-2.49654
1/14/16,1.66959
1/15/16,-2.15991
1/20/16,-1.16939
1/21/16,0.51954
1/22/16,2.02837
1/25/16,-1.56379
1/26/16,1.41443
1/27/16,-1.08635
1/28/16,0.55286
1/29/16,2.47602
2/1/16,-0.04432
2/2/16,-1.87431
2/3/16,0.4992
2/4/16,0.15268
2/5/16,-1.84813
2/8/16,-1.41539
2/9/16,-0.06636
2/10/16,-0.0189
2/11/16,-1.23011
2/12/16,1.9518
2/17/16,1.64804
2/18/16,-0.46657
2/19/16,-0.00261
2/22/16,1.44542
2/23/16,-1.24544
2/24/16,0.44398
2/25/16,1.13483
2/26/16,-0.18702
2/29/16,-0.81209
3/1/16,2.38688
3/2/16,0.40943
3/3/16,0.34987
3/4/16,0.33059
3/7/16,0.0885
3/8/16,-1.12401
3/9/16,0.50524
3/10/16,0.01558
3/11/16,1.63955
3/14/16,-0.1261
3/15/16,-0.1837
3/16/16,0.56004
3/17/16,0.65952
3/18/16,0.44056
3/21/16,0.09856
3/22/16,-0.08774
3/23/16,-0.6386
3/24/16,-0.03781
3/29/16,0.88167
3/30/16,0.43503
3/31/16,-0.20398
4/1/16,0.63309
4/4/16,-0.32083
4/5/16,-1.01446
4/6/16,1.05077
4/7/16,-1.19758
4/8/16,0.27866
4/11/16,-0.27398
4/12/16,0.96621
4/13/16,1.00402
4/14/16,0.01729
4/15/16,-0.09843
4/18/16,0.6541
4/19/16,0.30845
4/20/16,0.07616
4/21/16,-0.51941
4/22/16,0.00478
4/25/16,-0.1812
4/26/16,0.18728
4/27/16,0.16494
4/28/16,-0.92308
4/29/16,-0.50631
5/2/16,0.781
5/3/16,-0.86767
5/4/16,-0.59369
5/5/16,-0.02389
5/6/16,0.31746
5/9/16,0.07535
5/10/16,1.24837
5/11/16,-0.95616
5/12/16,-0.01695
5/13/16,-0.84782
5/16/16,0.97967
5/17/16,-0.94113
5/18/16,0.02052
5/19/16,-0.37067
5/20/16,0.60195
5/23/16,-0.20854
5/24/16,1.36814
5/25/16,0.69748
5/26/16,-0.02105
5/27/16,0.42869
6/1/16,0.11302
6/2/16,0.28247
6/3/16,-0.29118
6/6/16,0.48973
6/7/16,0.12895
6/8/16,0.33095
6/9/16,-0.17177
6/10/16,-0.91752
6/13/16,-0.81152
6/14/16,-0.17989
6/15/16,-0.18407
6/16/16,0.3133
6/17/16,-0.3258
6/20/16,0.58082
6/21/16,0.27121
6/22/16,-0.16516
6/23/16,1.3364
6/24/16,-3.59198
6/27/16,-1.80965
6/28/16,1.77702
6/29/16,1.70326
6/30/16,1.3565
7/1/16,0.19487
7/6/16,0.5353
7/7/16,-0.08715
7/8/16,1.52533
7/11/16,0.34086
7/12/16,0.70093
7/13/16,0.01347
7/14/16,0.52592
7/15/16,-0.09289
7/18/16,0.23823
7/19/16,-0.14352
7/20/16,0.42703
7/21/16,-0.36125
7/22/16,0.45539
7/25/16,-0.30115
7/26/16,0.03228
7/27/16,-0.11986
7/28/16,0.16062
7/29/16,0.16313
8/1/16,-0.12698
8/2/16,-0.63616
8/3/16,0.31339
8/4/16,0.02126
8/5/16,0.86034
8/8/16,-0.09071
8/9/16,0.03897
8/10/16,-0.28647
8/11/16,0.47346
8/12/16,-0.07961
8/15/16,0.2793
8/16/16,-0.54791
8/17/16,0.18686
8/18/16,0.21996
8/19/16,-0.14403
8/22/16,-0.05632
8/23/16,0.19518
8/24/16,-0.52403
8/25/16,-0.13652
8/26/16,-0.15788
8/29/16,0.52281
8/30/16,-0.19538
8/31/16,-0.23758
9/1/16,-0.00415
9/2/16,0.42011
9/7/16,-0.01464
9/8/16,-0.22231
9/9/16,-2.45221
9/12/16,1.46771
9/13/16,-1.48307
9/14/16,-0.05877
9/15/16,1.01093
9/16/16,-0.37722
9/19/16,-0.00187
9/20/16,0.02992